feature,importance
Weight,0.4204028735017886
Height,0.10248512315641192
Age,0.09974077180113873
FCVC,0.08315742371946797
Gender,0.05633253494945492
CH2O,0.0393760386555398
TUE,0.038463600529587846
FAF,0.03263977026810339
NCP,0.028914144372767826
family_history_with_overweight,0.028820108294340268
CAEC,0.023532602430551726
CALC,0.021685248814911493
FAVC,0.01041447786951327
MTRANS,0.010378833662710476
SCC,0.003442442707070795
SMOKE,0.00021400526664108787
