feature,importance
Weight,0.3715894717534425
Age,0.09933871503092562
Height,0.09833589895241453
FCVC,0.08108593418126132
Gender,0.06725866048617601
CH2O,0.04178833437648812
TUE,0.04150431350014956
id,0.03786932886606862
FAF,0.03588731618127383
NCP,0.028869495507806976
family_history_with_overweight,0.02540187931584672
CAEC,0.023541230825352685
CALC,0.020548706065937877
MTRANS,0.012017143308950581
FAVC,0.009868011634752314
SCC,0.004283564544004016
SMOKE,0.0008119954691486856
